{"cameraMode":{"drawMode":2,"name":"Shaded Wireframe","section":"Shading Mode"},"sceneLighting":true,"audioPlay":false,"sceneViewState":{"showFog":true,"showMaterialUpdate":false,"showSkybox":true,"showFlares":true,"showImageEffects":true,"showParticleSystems":true},"in2DMode":false,"pivot":{"x":-1.9624099731445313,"y":-20.074222564697267,"z":-6.35930061340332},"rotation":{"x":-0.15663501620292664,"y":0.7920047044754028,"z":-0.2279241532087326,"w":-0.5442845225334168},"size":99.18164825439453,"orthographic":false}