{"cameraMode":{"drawMode":2,"name":"Shaded Wireframe","section":"Shading Mode"},"sceneLighting":true,"audioPlay":false,"sceneViewState":{"showFog":true,"showMaterialUpdate":false,"showSkybox":true,"showFlares":true,"showImageEffects":true,"showParticleSystems":true},"in2DMode":false,"pivot":{"x":51.19660949707031,"y":-43.051517486572269,"z":30.10004234313965},"rotation":{"x":0.18180380761623383,"y":0.8146203756332398,"z":-0.34490567445755007,"w":0.4293956458568573},"size":99.18164825439453,"orthographic":false}